molecule_chembl_id,target_chembl_id,target_pref_name,standard_type,standard_relation,standard_value,standard_units,assay_chembl_id,assay_type,assay_description,document_chembl_id,readout,smiles,pActivity
CHEMBL383095,CHEMBL3250,Lysophosphatidic acid receptor Edg-7,IC50,=,207.0,nM,CHEMBL865902,B,Activity at LPA3 receptor transfected RH7777 cells,CHEMBL1149458,IC50,CCCCCCCC(=O)OC[C@@H](COP(=O)(O)O)OC(=O)CCCCCCC,6.684029654543082
CHEMBL379248,CHEMBL3250,Lysophosphatidic acid receptor Edg-7,IC50,=,302.0,nM,CHEMBL865902,B,Activity at LPA3 receptor transfected RH7777 cells,CHEMBL1149458,IC50,CCCCCCCCNC(=O)[C@@H](COP(O)(O)=S)NC(=O)CCCCCCC,6.51999305704285
CHEMBL440396,CHEMBL3250,Lysophosphatidic acid receptor Edg-7,IC50,=,251.0,nM,CHEMBL865902,B,Activity at LPA3 receptor transfected RH7777 cells,CHEMBL1149458,IC50,CCCCCCCCNC(=O)[C@H](COP(O)(O)=S)NC(=O)CCCCCCC,6.600326278518962
CHEMBL202251,CHEMBL3250,Lysophosphatidic acid receptor Edg-7,IC50,=,935.0,nM,CHEMBL865902,B,Activity at LPA3 receptor transfected RH7777 cells,CHEMBL1149458,IC50,CCCCCCCCNC(=O)[C@@H](COP(=O)(O)O)NC(=O)CCCCCCC,6.029188389127482
CHEMBL204037,CHEMBL3250,Lysophosphatidic acid receptor Edg-7,IC50,=,414.0,nM,CHEMBL865902,B,Activity at LPA3 receptor transfected RH7777 cells,CHEMBL1149458,IC50,CCCCCCCCNC(=O)[C@H](COP(=O)(O)O)NC(=O)CCCCCCC,6.3829996588791005
CHEMBL427017,CHEMBL3250,Lysophosphatidic acid receptor Edg-7,IC50,=,184.0,nM,CHEMBL865902,B,Activity at LPA3 receptor transfected RH7777 cells,CHEMBL1149458,IC50,CCCCCCCCOC[C@@H](COP(O)(O)=S)OCCCCCCCC,6.735182176990463
CHEMBL203986,CHEMBL3250,Lysophosphatidic acid receptor Edg-7,IC50,=,143.0,nM,CHEMBL865902,B,Activity at LPA3 receptor transfected RH7777 cells,CHEMBL1149458,IC50,CCCCCCCCOC[C@@H](COP(=O)(O)O)OCCCCCCCC,6.844663962534938
CHEMBL202361,CHEMBL3250,Lysophosphatidic acid receptor Edg-7,IC50,=,11.0,nM,CHEMBL865902,B,Activity at LPA3 receptor transfected RH7777 cells,CHEMBL1149458,IC50,CCCCCCCC(=O)OC[C@H](COP(O)(O)=S)OC(=O)CCCCCCC,7.958607314841775
CHEMBL202185,CHEMBL3250,Lysophosphatidic acid receptor Edg-7,IC50,=,85.0,nM,CHEMBL865902,B,Activity at LPA3 receptor transfected RH7777 cells,CHEMBL1149458,IC50,CCCCCCCC(=O)OC[C@H](COP(=O)(O)O)OC(=O)CCCCCCC,7.070581074285707
CHEMBL482505,CHEMBL3250,Lysophosphatidic acid receptor Edg-7,IC50,=,143.0,nM,CHEMBL955653,B,Inhibition of LPA3 receptor,CHEMBL1150359,IC50,CCCCCCC(=O)OC[C@H](COP(=O)(O)O)OC(=O)CCCCCC,6.844663962534938
CHEMBL482506,CHEMBL3250,Lysophosphatidic acid receptor Edg-7,IC50,=,184.0,nM,CHEMBL955653,B,Inhibition of LPA3 receptor,CHEMBL1150359,IC50,CCCCCCC(=O)OC[C@H](COP(O)(O)=S)OC(=O)CCCCCC,6.735182176990463
CHEMBL328016,CHEMBL3250,Lysophosphatidic acid receptor Edg-7,IC50,=,6450.0,nM,CHEMBL3624262,B,Antagonist activity at human LPA3 receptor transfected in HEK293T cells,CHEMBL3621155,IC50,CCCCCCCC/C=C\CCCCCCCC(=O)N[C@H](COP(=O)(O)O)Cc1ccc(OCc2ccccc2)cc1,5.1904402853647325
CHEMBL440696,CHEMBL3250,Lysophosphatidic acid receptor Edg-7,IC50,=,175.0,nM,CHEMBL3624264,B,Antagonist activity at human LPA3 receptor transfected in HEK293T cells after 30 mins by GTP[gamma-35S] binding assay,CHEMBL3621155,IC50,CCCCCCCC/C=C\CCCCCCCC(=O)N[C@@H](COP(=O)(O)O)Cc1ccc(OCc2ccccn2)cc1,6.756961951313706
CHEMBL201482,CHEMBL3250,Lysophosphatidic acid receptor Edg-7,EC50,=,3.0,nM,CHEMBL865902,B,Activity at LPA3 receptor transfected RH7777 cells,CHEMBL1149458,EC50,CCCCCCCCOC[C@H](COP(O)(O)=S)OCCCCCCCC,8.522878745280337
CHEMBL202243,CHEMBL3250,Lysophosphatidic acid receptor Edg-7,EC50,=,164.0,nM,CHEMBL865902,B,Activity at LPA3 receptor transfected RH7777 cells,CHEMBL1149458,EC50,CCCCCCCCOC[C@H](COP(=O)(O)O)OCCCCCCCC,6.785156151952302
CHEMBL202242,CHEMBL3250,Lysophosphatidic acid receptor Edg-7,EC50,=,115.0,nM,CHEMBL865902,B,Activity at LPA3 receptor transfected RH7777 cells,CHEMBL1149458,EC50,CCCCCCCC(=O)OC[C@@H](COP(O)(O)=S)OC(=O)CCCCCCC,6.939302159646388
CHEMBL2335052,CHEMBL3250,Lysophosphatidic acid receptor Edg-7,EC50,=,0.23,nM,CHEMBL2344996,B,Agonist activity at human LPA3 receptor transfected in HEK293 cells after 1 hr by TGFalpha shedding assay,CHEMBL2331094,EC50,CCCCCCCCCCCCCCCCCCOCC(COP(O)(O)=S)OC,9.638272163982407
CHEMBL2017139,CHEMBL3250,Lysophosphatidic acid receptor Edg-7,EC50,=,0.28,nM,CHEMBL2344996,B,Agonist activity at human LPA3 receptor transfected in HEK293 cells after 1 hr by TGFalpha shedding assay,CHEMBL2331094,EC50,CCCCCCCCCCCCCCCCCC(=O)OCC(COP(=O)(O)S)OC,9.55284196865778
CHEMBL2335051,CHEMBL3250,Lysophosphatidic acid receptor Edg-7,EC50,=,0.21,nM,CHEMBL2344996,B,Agonist activity at human LPA3 receptor transfected in HEK293 cells after 1 hr by TGFalpha shedding assay,CHEMBL2331094,EC50,CCCCCCCCCCCCCCCCCC(=O)OC(COC)COP([O-])(O)=S.[Na+],9.67778070526608
CHEMBL2335050,CHEMBL3250,Lysophosphatidic acid receptor Edg-7,EC50,=,0.39,nM,CHEMBL2344996,B,Agonist activity at human LPA3 receptor transfected in HEK293 cells after 1 hr by TGFalpha shedding assay,CHEMBL2331094,EC50,CCCCCCCCCCCCCCCCCOC(COC)COP([O-])(O)=S.[Na+],9.4089353929735
CHEMBL2335049,CHEMBL3250,Lysophosphatidic acid receptor Edg-7,EC50,=,0.36,nM,CHEMBL2344996,B,Agonist activity at human LPA3 receptor transfected in HEK293 cells after 1 hr by TGFalpha shedding assay,CHEMBL2331094,EC50,CCCCCCCCCCCCCCCCOC(COC)COP([O-])(O)=S.[Na+],9.443697499232712
CHEMBL2335048,CHEMBL3250,Lysophosphatidic acid receptor Edg-7,EC50,=,1.08,nM,CHEMBL2344996,B,Agonist activity at human LPA3 receptor transfected in HEK293 cells after 1 hr by TGFalpha shedding assay,CHEMBL2331094,EC50,CCCCCCCCCCCCCCCCCCOC[C@H](COP(O)(O)=S)OC,8.96657624451305
CHEMBL2335047,CHEMBL3250,Lysophosphatidic acid receptor Edg-7,EC50,=,0.37,nM,CHEMBL2344996,B,Agonist activity at human LPA3 receptor transfected in HEK293 cells after 1 hr by TGFalpha shedding assay,CHEMBL2331094,EC50,CCCCCCCCCCCCCCCCCCOC[C@@H](COP(O)(O)=S)OC,9.431798275933005
CHEMBL153043,CHEMBL3250,Lysophosphatidic acid receptor Edg-7,EC50,=,0.44,nM,CHEMBL2344996,B,Agonist activity at human LPA3 receptor transfected in HEK293 cells after 1 hr by TGFalpha shedding assay,CHEMBL2331094,EC50,CCCCCCCCCCCCCCCCCC(=O)OC[C@H](COP(O)(O)=S)OC,9.356547323513812
CHEMBL357053,CHEMBL3250,Lysophosphatidic acid receptor Edg-7,EC50,=,0.27,nM,CHEMBL2344996,B,Agonist activity at human LPA3 receptor transfected in HEK293 cells after 1 hr by TGFalpha shedding assay,CHEMBL2331094,EC50,CCCCCCCCCCCCCCCCCC(=O)OC[C@@H](COP(O)(O)=S)OC,9.568636235841012
CHEMBL364797,CHEMBL3250,Lysophosphatidic acid receptor Edg-7,EC50,=,580.0,nM,CHEMBL2344996,B,Agonist activity at human LPA3 receptor transfected in HEK293 cells after 1 hr by TGFalpha shedding assay,CHEMBL2331094,EC50,CCCCCCCCCCCCCCCC(=O)OC[C@@H](O)COP(=O)(O)O,6.236572006437063
CHEMBL117021,CHEMBL3250,Lysophosphatidic acid receptor Edg-7,EC50,=,77.0,nM,CHEMBL2344996,B,Agonist activity at human LPA3 receptor transfected in HEK293 cells after 1 hr by TGFalpha shedding assay,CHEMBL2331094,EC50,CCCCCCCC/C=C\CCCCCCCC(=O)OC[C@@H](O)COP(=O)(O)O,7.113509274827518
CHEMBL2335052,CHEMBL3250,Lysophosphatidic acid receptor Edg-7,EC50,=,0.2239,nM,CHEMBL2344996,B,Agonist activity at human LPA3 receptor transfected in HEK293 cells after 1 hr by TGFalpha shedding assay,CHEMBL2331094,EC50,CCCCCCCCCCCCCCCCCCOCC(COP(O)(O)=S)OC,9.64994590642097
CHEMBL2017139,CHEMBL3250,Lysophosphatidic acid receptor Edg-7,EC50,=,0.2754,nM,CHEMBL2344996,B,Agonist activity at human LPA3 receptor transfected in HEK293 cells after 1 hr by TGFalpha shedding assay,CHEMBL2331094,EC50,CCCCCCCCCCCCCCCCCC(=O)OCC(COP(=O)(O)S)OC,9.560036064079096
CHEMBL2335051,CHEMBL3250,Lysophosphatidic acid receptor Edg-7,EC50,=,0.2042,nM,CHEMBL2344996,B,Agonist activity at human LPA3 receptor transfected in HEK293 cells after 1 hr by TGFalpha shedding assay,CHEMBL2331094,EC50,CCCCCCCCCCCCCCCCCC(=O)OC(COC)COP([O-])(O)=S.[Na+],9.689944262249108
CHEMBL2335050,CHEMBL3250,Lysophosphatidic acid receptor Edg-7,EC50,=,0.3981,nM,CHEMBL2344996,B,Agonist activity at human LPA3 receptor transfected in HEK293 cells after 1 hr by TGFalpha shedding assay,CHEMBL2331094,EC50,CCCCCCCCCCCCCCCCCOC(COC)COP([O-])(O)=S.[Na+],9.400007822415901
CHEMBL2335049,CHEMBL3250,Lysophosphatidic acid receptor Edg-7,EC50,=,0.3631,nM,CHEMBL2344996,B,Agonist activity at human LPA3 receptor transfected in HEK293 cells after 1 hr by TGFalpha shedding assay,CHEMBL2331094,EC50,CCCCCCCCCCCCCCCCOC(COC)COP([O-])(O)=S.[Na+],9.439973751087107
CHEMBL2335048,CHEMBL3250,Lysophosphatidic acid receptor Edg-7,EC50,=,1.072,nM,CHEMBL2344996,B,Agonist activity at human LPA3 receptor transfected in HEK293 cells after 1 hr by TGFalpha shedding assay,CHEMBL2331094,EC50,CCCCCCCCCCCCCCCCCCOC[C@H](COP(O)(O)=S)OC,8.969805214643248
CHEMBL2335047,CHEMBL3250,Lysophosphatidic acid receptor Edg-7,EC50,=,0.3715,nM,CHEMBL2344996,B,Agonist activity at human LPA3 receptor transfected in HEK293 cells after 1 hr by TGFalpha shedding assay,CHEMBL2331094,EC50,CCCCCCCCCCCCCCCCCCOC[C@@H](COP(O)(O)=S)OC,9.430041181903405
CHEMBL153043,CHEMBL3250,Lysophosphatidic acid receptor Edg-7,EC50,=,0.4467,nM,CHEMBL2344996,B,Agonist activity at human LPA3 receptor transfected in HEK293 cells after 1 hr by TGFalpha shedding assay,CHEMBL2331094,EC50,CCCCCCCCCCCCCCCCCC(=O)OC[C@H](COP(O)(O)=S)OC,9.349984047528162
CHEMBL357053,CHEMBL3250,Lysophosphatidic acid receptor Edg-7,EC50,=,0.2692,nM,CHEMBL2344996,B,Agonist activity at human LPA3 receptor transfected in HEK293 cells after 1 hr by TGFalpha shedding assay,CHEMBL2331094,EC50,CCCCCCCCCCCCCCCCCC(=O)OC[C@@H](COP(O)(O)=S)OC,9.569924944448061
CHEMBL364797,CHEMBL3250,Lysophosphatidic acid receptor Edg-7,EC50,=,575.44,nM,CHEMBL2344996,B,Agonist activity at human LPA3 receptor transfected in HEK293 cells after 1 hr by TGFalpha shedding assay,CHEMBL2331094,EC50,CCCCCCCCCCCCCCCC(=O)OC[C@@H](O)COP(=O)(O)O,6.2399999527072705
CHEMBL117021,CHEMBL3250,Lysophosphatidic acid receptor Edg-7,EC50,=,77.62,nM,CHEMBL2344996,B,Agonist activity at human LPA3 receptor transfected in HEK293 cells after 1 hr by TGFalpha shedding assay,CHEMBL2331094,EC50,CCCCCCCC/C=C\CCCCCCCC(=O)OC[C@@H](O)COP(=O)(O)O,7.110026361596004
CHEMBL3621956,CHEMBL3250,Lysophosphatidic acid receptor Edg-7,EC50,=,321.8,nM,CHEMBL3624256,B,Agonist activity at human LPA3 receptor transfected in HEK293T cells after 30 mins by GTP[gamma-35S] binding assay,CHEMBL3621155,EC50,CCCCCCCC/C=C\CCCCCCCC(=O)N[C@H](CO)COP(=O)(O)O,6.4924139602369895
CHEMBL3621957,CHEMBL3250,Lysophosphatidic acid receptor Edg-7,EC50,=,683.7,nM,CHEMBL3624256,B,Agonist activity at human LPA3 receptor transfected in HEK293T cells after 30 mins by GTP[gamma-35S] binding assay,CHEMBL3621155,EC50,CCCCCCCC/C=C\CCCCCCCC(=O)N[C@H](CN)COP(=O)(O)O,6.165134420099962
CHEMBL3621958,CHEMBL3250,Lysophosphatidic acid receptor Edg-7,EC50,=,112.6,nM,CHEMBL3624256,B,Agonist activity at human LPA3 receptor transfected in HEK293T cells after 30 mins by GTP[gamma-35S] binding assay,CHEMBL3621155,EC50,CCCCCCCC/C=C\CCCCCCCC(=O)N[C@H](C)COP(=O)(O)O,6.9484616094846725
CHEMBL1395060,CHEMBL3250,Lysophosphatidic acid receptor Edg-7,EC50,=,276.0,nM,CHEMBL3624256,B,Agonist activity at human LPA3 receptor transfected in HEK293T cells after 30 mins by GTP[gamma-35S] binding assay,CHEMBL3621155,EC50,CCCCCCCC/C=C\CCCCCCCC(=O)OC[C@@H](COP(O)(O)=S)OC,6.559090917934782
